1,Vincenz,B
2,Alana,D
3,Wren,D
4,Mirelle,C
5,Ranique,A
6,Orlando,A
7,Merrily,C
8,Juditha,B
9,Adamo,B
10,Talya,A
11,Jaynell,A
12,Drusie,A
13,Charlot,B
14,Mommy,C
15,Katharina,C
16,Shelley,A
17,Yelena,A
18,Hedvig,D
19,Elaina,B
20,Juana,B
21,Shaylynn,B
22,Skylar,A
23,Ellissa,D
24,Andre,C
25,Salem,D
26,Sophie,C
27,Roselia,D
28,Anastasia,D
29,Kimbra,B
30,Elyn,D
31,Gavan,C
32,Philbert,A
33,Ardelle,A
34,Halimeda,B
35,Hendrika,C
36,Alika,B
37,Roze,D
38,Veronique,C
39,Derril,C
40,Ame,C
41,Theobald,C
42,Cart,C
43,Waverly,B
44,Catherin,A
45,Regan,C
46,Tomasine,A
47,Lavinia,B
48,Filbert,B
49,Eloisa,D
50,Griselda,A
51,Melicent,B
52,Meggie,D
53,Renell,D
54,Dallis,A
55,Brynna,C
56,Stephine,B
57,Alexio,C
58,Tonye,D
59,Janela,D
60,Maynord,D
61,Matti,A
62,Ashil,C
63,Sybila,B
64,Wolf,A
65,Christabel,A
66,Rolfe,C
67,Joel,D
68,Toddie,B
69,Price,A
70,Leisha,B
71,Vince,B
72,Frans,A
73,Marisa,D
74,Louis,A
75,Matthew,D
76,Sherwin,D
77,Karolina,A
78,Berkie,B
79,Bambie,A
80,Lotti,C
81,Dorelle,A
82,Ashla,C
83,Humbert,C
84,Meg,C
85,Jack,C
86,Farlie,D
87,Godard,C
88,Ezmeralda,D
89,Wheeler,C
90,Cahra,B
91,Rozina,C
92,Bridie,D
93,Vin,A
94,Ibby,C
95,Glenn,D
96,Flossie,A
97,Deanna,A
98,Analiese,A
99,Durward,B
100,Odell,B
101,Keri,D
102,Buffy,B
103,Cass,B
104,Colver,C
105,Cross,B
106,Jakob,A
107,Jaime,C
108,Barty,D
109,Balduin,D
110,Jacquetta,D
111,Barbe,B
112,Eb,D
113,Fletcher,D
114,Alastair,D
115,Philippe,C
116,Mallissa,B
117,Judi,C
118,Gerome,C
119,Gabby,D
120,Saloma,B
121,Lillis,A
122,Miran,B
123,Malorie,B
124,Shellie,B
125,Bailey,A
126,Cristabel,A
127,Elbertine,D
128,York,D
129,Lil,C
130,Caron,D
131,Myrah,C
132,Verine,A
133,Marco,C
134,Ewen,A
135,Koenraad,C
136,Joseito,A
137,Cosette,C
138,Saree,A
139,Paula,A
140,Hayes,B
141,Gaultiero,D
142,Melvin,B
143,Fredric,C
144,Cecilius,C
145,Rosita,C
146,Nealy,A
147,Anders,D
148,Lark,A
149,Neville,B
150,Casar,B
151,Niven,D
152,Levey,C
153,Bobbette,A
154,Rutherford,B
155,Franzen,C
156,Darn,A
157,Joe,C
158,Kaycee,B
159,Irena,B
160,Hilary,B
161,Pavel,B
162,Elihu,B
163,Berti,B
164,Felizio,C
165,Kelley,C
166,Hildegaard,A
167,Nell,D
168,Culver,B
169,Harriot,D
170,Cindie,D
171,Byrle,B
172,Christye,A
173,Earlie,A
174,Susie,B
175,Sigismundo,A
176,Gaby,C
177,Lulu,A
178,Calida,A
179,Salomo,A
180,Heindrick,D
181,Darwin,A
182,Gussy,C
183,Stan,D
184,Felix,A
185,Tabatha,A
186,Chaddie,D
187,Minta,D
188,Sena,A
189,Chris,C
190,Betsy,B
191,Hymie,B
192,Brietta,C
193,Milissent,C
194,Nikos,C
195,Bondy,B
196,Valerie,C
197,Dion,B
198,Alphonso,C
199,Sanford,C
200,Logan,B
201,Kelvin,A
202,Rheta,D
203,Juliet,B
204,Amitie,A
205,Prentice,A
206,Corette,D
207,Angie,D
208,Harris,A
209,Delmore,B
210,Germaine,C
211,Lazare,D
212,Inglis,A
213,Frankie,B
214,Kinnie,B
215,Frankie,C
216,Adrian,B
217,Dosi,A
218,Eleonore,C
219,Verine,A
220,Dyann,A
221,Johnath,B
222,Leroi,A
223,Brittany,B
224,Mirabella,B
225,Caterina,C
226,Cad,A
227,Tamqrah,A
228,Nikos,B
229,Wald,B
230,Jenni,D
231,Holmes,B
232,Deina,C
233,Sonnnie,B
234,Ronda,C
235,Forbes,C
236,Iggie,B
237,Debi,D
238,Adriana,D
239,Emmott,C
240,Hyacinthia,B
241,Tye,C
242,Cher,B
243,Archibaldo,A
244,Maddy,D
245,Manda,C
246,Arthur,B
247,Elysia,C
248,Trista,A
249,Norine,D
250,Stu,A
251,Ogdon,A
252,Igor,D
253,Stevy,B
254,Adriena,D
255,Gianni,C
256,Worden,D
257,Martainn,C
258,Gerek,A
259,Joy,D
260,Fielding,A
261,Eduardo,D
262,Barnaby,A
263,Eba,D
264,Sonni,D
265,Danice,D
266,Lou,A
267,Griswold,D
268,Jolie,A
269,Jan,A
270,Stanly,C
271,Godfree,A
272,Husein,C
273,Vite,C
274,Chrissy,A
275,Rourke,A
276,Nikolai,C
277,Timofei,C
278,Ellie,B
279,Ninon,D
280,Nikos,B
281,Roman,B
282,Gabrielle,A
283,Russ,D
284,Leigha,A
285,Cammy,A
286,Chico,B
287,Amber,A
288,Iain,D
289,Olympe,B
290,Alene,B
291,Nichols,D
292,Bobbee,B
293,Garrott,C
294,Julissa,D
295,Alvera,A
296,Dosi,A
297,Marget,B
298,Josias,B
299,Gregoire,C
300,Shawn,A
301,Cordi,B
302,Che,A
303,Fowler,A
304,Buddy,A
305,Olivie,C
306,Alexandros,B
307,Barrie,A
308,Rickie,B
309,Tulley,C
310,Alfy,C
311,Yancey,B
312,Amby,C
313,Corty,B
314,Yurik,C
315,Cleo,A
316,Winnie,B
317,Jillene,A
318,Thelma,A
319,Aila,A
320,Darda,D
321,Ardene,B
322,Jacob,D
323,Lothaire,D
324,Christean,A
325,Nealon,A
326,Calypso,B
327,Tonnie,A
328,Drugi,C
329,Leland,C
330,Sheelah,B
331,Delores,B
332,Rodina,A
333,Claire,A
334,Meghann,D
335,Margery,A
336,Shannen,B
337,Bethena,C
338,Anthony,B
339,Johnna,D
340,Kipper,C
341,Dana,C
342,Kimberli,B
343,Bobine,A
344,Jessamyn,A
345,Kimberli,C
346,Ammamaria,A
347,Esdras,D
348,Hertha,B
349,Baron,A
350,Braden,B
351,Page,C
352,Findley,D
353,Anet,A
354,Glad,C
355,Brodie,C
356,Lorita,A
357,Ezmeralda,A
358,Hieronymus,D
359,Vaughan,B
360,Taffy,D
361,Steve,A
362,Dorisa,A
363,Ewell,B
364,Freda,A
365,Starr,C
366,Jamison,B
367,Dave,D
368,Haley,D
369,Corny,B
370,Dene,A
371,Everett,B
372,Odell,B
373,Rosalie,D
374,Olav,A
375,Diahann,A
376,Penrod,D
377,Jo-ann,A
378,Pegeen,D
379,Mahalia,C
380,Rorie,A
381,Garvey,A
382,Ulises,D
383,Letty,C
384,Adolf,C
385,Moises,C
386,Aila,A
387,Lester,B
388,Katuscha,C
389,Curtis,A
390,Tabina,A
391,Brit,B
392,Vladamir,D
393,Lindsey,B
394,Marion,B
395,Ring,C
396,Bradan,A
397,Konstantin,B
398,Melicent,D
399,Sheela,B
400,Biddie,A
401,Barney,C
402,Lanie,D
403,Martie,A
404,Kerrin,A
405,Benetta,D
406,Carmencita,D
407,Waldemar,D
408,Raf,C
409,Audy,A
410,Katti,A
411,Artemis,C
412,Helena,D
413,Garvey,C
414,Jocko,D
415,Lynnelle,A
416,Olly,C
417,Breena,C
418,Flin,B
419,Alexine,A
420,Kenneth,C
421,Gavin,B
422,Quintina,B
423,Rriocard,D
424,Jerrie,A
425,Livvie,C
426,Kermit,B
427,Dimitri,A
428,Gaylord,D
429,Joanna,A
430,Paule,B
431,Phyllys,D
432,Merle,A
433,Dulci,D
434,Lynnett,B
435,Cosimo,C
436,Danyelle,A
437,Cam,D
438,Merrili,C
439,Zena,C
440,Cross,C
441,Jan,A
442,Verge,A
443,Rickey,A
444,Cara,C
445,Happy,B
446,Matthus,C
447,Lanie,A
448,Gwenni,D
449,Kamillah,A
450,Beth,D
451,Shari,D
452,Deane,D
453,Adah,D
454,Jaquith,A
455,Arri,A
456,Brietta,B
457,Adriaens,C
458,Arron,C
459,Radcliffe,C
460,Holly,B
461,Benedikt,D
462,Brnaba,C
463,Yuri,B
464,Winna,A
465,Catharina,A
466,Giacobo,B
467,Baird,A
468,Fawne,C
469,Earle,A
470,Phebe,D
471,Chloe,B
472,Gabrila,D
473,Silvain,D
474,Weider,B
475,Modestine,C
476,Rori,D
477,Katie,B
478,Gertruda,B
479,Sioux,B
480,Eugene,D
481,Haleigh,A
482,Tommie,D
483,Tiffi,C
484,Koressa,A
485,Myrwyn,D
486,Rubia,D
487,Ariel,C
488,Vivyanne,D
489,Cyndi,B
490,Ardisj,A
491,Dunc,D
492,Arabella,D
493,Ali,A
494,Tiffy,B
495,Persis,B
496,Berni,C
497,Barnard,A
498,Dael,A
499,Lindsy,A
500,Barbaraanne,C
501,Cobb,C
502,Neal,C
503,Kaela,B
504,Caroline,A
505,Armstrong,C
506,Vernen,D
507,Ermina,C
508,Beryl,B
509,Erastus,C
510,Roderigo,D
511,Gui,D
512,Vickie,B
513,Dorthea,C
514,Welsh,B
515,Leland,C
516,Wade,C
517,Rowland,C
518,Rhoda,A
519,Ari,D
520,Ebonee,B
521,Claudianus,C
522,Estell,B
523,Kris,A
524,Lexy,B
525,Edan,B
526,Ivette,C
527,Roderich,C
528,Harper,A
529,Ludovico,C
530,Norrie,B
531,Marjy,A
532,Martica,B
533,Barron,D
534,Flory,C
535,Otis,B
536,Dall,B
537,Melamie,B
538,Cornelius,B
539,Eric,B
540,Harwell,A
541,Daniele,A
542,Harry,B
543,Gorden,D
544,Syman,A
545,Cobb,A
546,Elicia,C
547,Conchita,D
548,Jackie,A
549,Terrill,D
550,Mahalia,A
551,Christin,C
552,Giacinta,A
553,Arne,C
554,Honor,C
555,Decca,D
556,Yves,D
557,Bevvy,D
558,Alice,C
559,Alikee,D
560,Ozzy,C
561,Luce,D
562,Stephannie,A
563,Pall,B
564,Ethe,C
565,Wilona,A
566,Walther,B
567,Oran,D
568,Gwyn,B
569,Tadeo,C
570,Mel,D
571,Jan,C
572,Evie,D
573,Lauren,A
574,Bettye,D
575,Timmy,B
576,Christyna,C
577,Jeremie,B
578,Hy,C
579,Budd,B
580,Caresa,A
581,Esta,B
582,Berti,B
583,David,C
584,Gregoor,C
585,Skippy,D
586,Kari,C
587,Barbi,C
588,Sophia,D
589,Perla,C
590,Piper,B
591,Larina,D
592,Lauree,D
593,Doralyn,B
594,Alfie,D
595,Beale,A
596,Adams,C
597,Hettie,D
598,Charlotte,D
599,Joshua,C
600,Roz,B
601,Robby,A
602,Artemis,D
603,Cindie,B
604,Donnajean,A
605,Saxon,B
606,Marcelline,B
607,Tremayne,B
608,Rey,A
609,Wendeline,A
610,Luigi,B
611,Marcellus,B
612,Pauletta,C
613,Rhody,C
614,Gert,B
615,Nahum,D
616,Betsy,D
617,Lorettalorna,D
618,Clim,A
619,Mirelle,C
620,Putnam,C
621,Eward,C
622,Marrilee,D
623,Gracie,B
624,Clotilda,D
625,Noam,B
626,Luigi,B
627,Renate,C
628,Vikky,D
629,Mildrid,D
630,Ardyth,C
631,Vittorio,D
632,Pietra,D
633,Brigitta,B
634,Amory,B
635,Bronson,C
636,Dalston,A
637,Lindsey,B
638,Ollie,B
639,Theodosia,C
640,Zorah,C
641,Annie,A
642,Carly,D
643,Jan,C
644,Bradley,A
645,Novelia,B
646,Rodolphe,B
647,Cale,B
648,Hugh,A
649,Retha,D
650,Elise,C
651,Neala,D
652,Fawne,C
653,Pierson,B
654,Elden,C
655,Winonah,D
656,Bronny,D
657,Zacharie,D
658,Waldon,A
659,Normy,C
660,Archibold,C
661,Gearard,D
662,Brinna,A
663,Jodi,D
664,Reamonn,A
665,Kayle,B
666,Alidia,B
667,Donal,D
668,Roxanne,B
669,Edmon,A
670,Corny,D
671,Herman,A
672,Worthington,B
673,Karin,A
674,Chelsy,A
675,Robinet,B
676,Modestia,A
677,Aimee,D
678,Corissa,C
679,Jesus,C
680,Antony,D
681,Glenn,B
682,Sibylle,A
683,Forester,D
684,Leonard,B
685,Jeane,D
686,Cami,A
687,Raeann,A
688,Carline,B
689,Davy,C
690,Hernando,B
691,Ninetta,D
692,Abe,D
693,Nixie,C
694,Sabine,B
695,Lettie,C
696,Sheba,C
697,Kiele,B
698,Jonathan,C
699,Larissa,A
700,Consuela,D
701,Yehudi,C
702,Renee,B
703,Dorelle,A
704,Oralia,D
705,Jessica,D
706,Bridie,C
707,Birgitta,C
708,Noreen,D
709,Charmian,D
710,Laird,A
711,Valencia,A
712,Emmye,C
713,Charla,C
714,Meryl,C
715,Danica,C
716,Frans,D
717,Lavinia,B
718,Sonny,A
719,Berton,D
720,Joseito,C
721,Kelli,D
722,Devonne,D
723,Boony,A
724,Marna,B
725,Val,D
726,Heriberto,B
727,Shina,A
728,Yardley,C
729,Ketti,C
730,Hayyim,A
731,Shauna,C
732,Carma,B
733,Sonnie,B
734,Molli,A
735,Marthena,A
736,Adams,D
737,Thatch,D
738,Coop,D
739,Keir,B
740,Jacqueline,A
741,Kimbra,A
742,Darelle,C
743,Alonzo,D
744,Paul,A
745,Suzy,D
746,Gabriel,C
747,Charlean,D
748,Brendin,B
749,Lem,D
750,Lamont,C
751,Wally,B
752,Kristofer,B
753,Pattie,C
754,Martina,A
755,Laurice,B
756,Dew,D
757,Zack,B
758,Evangelina,C
759,Gigi,C
760,Vergil,B
761,Joshia,A
762,Taryn,A
763,Jesse,D
764,Nataniel,D
765,Zorah,C
766,Devondra,D
767,Barbi,A
768,Elnore,C
769,Kathi,A
770,Pieter,B
771,Maisey,C
772,Melba,D
773,Raffaello,A
774,Arvin,A
775,Enriqueta,C
776,Luciana,C
777,Viviana,C
778,Konstanze,B
779,Edvard,D
780,Marti,A
781,Wright,C
782,Lutero,D
783,Kermy,B
784,Franciskus,A
785,Margarete,C
786,Gretchen,C
787,Benny,A
788,Maria,B
789,Erin,B
790,Regan,A
791,Hiram,A
792,Jeth,D
793,Peri,B
794,Donnie,D
795,Emmett,D
796,Alayne,D
797,Nestor,A
798,Nicholas,D
799,Burnaby,D
800,Leoline,A
801,Flint,B
802,Richy,A
803,Adena,D
804,Shandra,B
805,Jackqueline,D
806,Eleanore,D
807,Ringo,A
808,Alvis,A
809,Stephan,D
810,Philippine,B
811,Barton,D
812,Town,B
813,Idell,D
814,Siffre,B
815,Ardelle,A
816,Paola,D
817,Jesus,A
818,Kitti,D
819,Lev,A
820,Ryley,B
821,Krisha,A
822,Alain,C
823,Francoise,D
824,Mufinella,C
825,Bryce,C
826,Adel,B
827,Doralynn,B
828,Illa,D
829,Leonidas,C
830,Gaylor,D
831,Bianka,B
832,Renard,B
833,Donnamarie,B
834,Ula,B
835,Trista,C
836,Giles,D
837,Laurette,A
838,Stacey,D
839,Joycelin,A
840,Verne,C
841,Melodee,C
842,Lezlie,C
843,Chev,D
844,Elane,D
845,Prisca,D
846,Brenna,C
847,Forbes,A
848,Giovanna,D
849,Kelvin,C
850,Dene,D
851,Gordan,C
852,Roseline,C
853,Gabriela,B
854,Kimberlyn,D
855,Carey,C
856,Lonnie,A
857,Luciana,B
858,Winifield,B
859,Kerianne,B
860,Tore,C
861,Marchall,B
862,Mindy,D
863,Sadie,B
864,Krystal,C
865,Quincy,C
866,Free,C
867,Willard,D
868,Syd,A
869,Wendie,C
870,Ronald,C
871,Burty,C
872,Jeane,C
873,Jaime,A
874,Friederike,D
875,Annabelle,B
876,Levy,C
877,Gail,D
878,Zack,A
879,Alejoa,A
880,Charyl,B
881,Yorgo,B
882,Rowena,B
883,Kristen,A
884,Phillida,B
885,Abagael,D
886,Devin,C
887,Felicdad,A
888,Roxine,D
889,Alfy,C
890,Franky,A
891,Lorette,D
892,Cecelia,B
893,Aland,D
894,Abbi,D
895,Desdemona,B
896,Donovan,C
897,Jana,B
898,Ephrayim,D
899,Milka,B
900,Marci,B
901,Omar,A
902,Regine,B
903,Noll,A
904,Fransisco,A
905,Joana,A
906,Worden,C
907,Lorrin,A
908,Florella,A
909,Kippy,B
910,Virginie,B
911,Katuscha,B
912,Nicol,B
913,Teresina,B
914,Martha,C
915,Demetris,B
916,Carolyne,C
917,Deina,A
918,Saleem,C
919,Duky,D
920,Tine,D
921,Ebeneser,D
922,Rosene,C
923,Brady,B
924,Ewell,A
925,Jackie,C
926,Ailee,B
927,Eldredge,D
928,Kenneth,D
929,Griffith,B
930,Addi,C
931,Casper,C
932,Inge,B
933,Monah,A
934,Beverly,B
935,Kylynn,D
936,Karylin,C
937,Ignazio,D
938,Mallorie,C
939,Fairlie,D
940,Thorndike,C
941,Leon,B
942,Nickolas,A
943,Theadora,A
944,Ediva,D
945,Robinet,D
946,Lorelei,C
947,Jenn,B
948,Pren,C
949,Gennie,A
950,Kameko,C
951,Arther,A
952,Cyb,D
953,Sergio,B
954,Sim,C
955,Pen,A
956,Kris,C
957,Loleta,D
958,Ora,A
959,Kippy,B
960,Addie,D
961,Aile,A
962,Arron,D
963,Eleanora,C
964,Esther,B
965,Charil,A
966,Andee,D
967,Delinda,D
968,Wileen,C
969,Obed,C
970,Paquito,B
971,Karil,B
972,Zita,A
973,Ty,B
974,Galven,B
975,Crawford,B
976,Deck,A
977,Mara,C
978,Moss,A
979,Bruis,A
980,Janet,A
981,Lanni,A
982,Ciel,A
983,Lyndell,A
984,Godiva,D
985,Padget,B
986,Hewitt,C
987,Dame,C
988,Ariadne,C
989,Giuseppe,A
990,Kelley,A
991,Ange,D
992,Jacquenetta,D
993,Homere,A
994,Ingeberg,C
995,Hailee,C
996,Padriac,A
997,Leanora,B
998,Garreth,D
999,Andras,A
1000,Arlana,C
